-- phpMyAdmin SQL Dump
-- version 5.1.1
-- https://www.phpmyadmin.net/
--
-- ホスト: localhost
-- 生成日時: 2022 年 3 月 14 日 15:32
-- サーバのバージョン： 10.4.20-MariaDB
-- PHP のバージョン: 8.0.9

SET SQL_MODE = "NO_AUTO_VALUE_ON_ZERO";
START TRANSACTION;
SET time_zone = "+00:00";


/*!40101 SET @OLD_CHARACTER_SET_CLIENT=@@CHARACTER_SET_CLIENT */;
/*!40101 SET @OLD_CHARACTER_SET_RESULTS=@@CHARACTER_SET_RESULTS */;
/*!40101 SET @OLD_COLLATION_CONNECTION=@@COLLATION_CONNECTION */;
/*!40101 SET NAMES utf8mb4 */;

--
-- データベース: `smabldg`
--

-- --------------------------------------------------------

--
-- テーブルの構造 `data`
--

CREATE TABLE `data` (
  `id` int(11) NOT NULL,
  `document_id` int(11) NOT NULL,
  `item_id` int(11) NOT NULL,
  `data` varchar(128) COLLATE utf8mb4_bin NOT NULL,
  `created_at` datetime NOT NULL,
  `updated_at` datetime NOT NULL
) ENGINE=InnoDB DEFAULT CHARSET=utf8mb4 COLLATE=utf8mb4_bin;

--
-- テーブルのデータのダンプ `data`
--

INSERT INTO `data` (`id`, `document_id`, `item_id`, `data`, `created_at`, `updated_at`) VALUES
(1, 2, 1, 'title', '2022-02-20 16:34:36', '2022-02-20 16:34:36'),
(2, 2, 2, '2-21', '2022-02-20 16:34:36', '2022-02-20 16:34:36'),
(3, 2, 3, 'good', '2022-02-20 16:34:36', '2022-02-20 16:34:36'),
(4, 2, 4, 'todo', '2022-02-20 16:34:36', '2022-02-20 16:34:36'),
(15, 5, 1, '解雇', '2022-02-20 16:40:28', '2022-02-20 16:40:28'),
(16, 5, 2, '2-22', '2022-02-20 16:40:28', '2022-02-20 16:40:28'),
(17, 5, 3, 'good', '2022-02-20 16:40:28', '2022-02-20 16:40:28'),
(18, 5, 4, 'todo', '2022-02-20 16:40:28', '2022-02-20 16:40:28'),
(19, 6, 1, '講義', '2022-02-20 16:44:41', '2022-02-20 16:44:41'),
(20, 6, 2, '2-23', '2022-02-20 16:44:41', '2022-02-20 16:44:41'),
(21, 6, 3, 'good', '2022-02-20 16:44:41', '2022-02-20 16:44:41'),
(22, 6, 4, 'todo', '2022-02-20 16:44:41', '2022-02-20 16:44:41'),
(23, 7, 5, '2-20', '2022-02-20 16:48:21', '2022-02-20 16:48:21'),
(24, 7, 6, 'testuser', '2022-02-20 16:48:21', '2022-02-20 16:48:21'),
(25, 7, 7, 'meta', '2022-02-20 16:48:21', '2022-02-20 16:48:21'),
(26, 7, 8, 'mit', '2022-02-20 16:48:21', '2022-02-20 16:48:21'),
(27, 7, 9, 'mba', '2022-02-20 16:48:21', '2022-02-20 16:48:21'),
(28, 8, 10, 'Google', '2022-02-20 17:47:49', '2022-02-20 17:47:49'),
(29, 8, 11, 'エリック', '2022-02-20 17:47:49', '2022-02-20 17:47:49'),
(30, 8, 12, '1000000', '2022-02-20 17:47:49', '2022-02-20 17:47:49'),
(31, 9, 13, 'ジェフ', '2022-02-22 11:37:11', '2022-02-22 11:37:11'),
(32, 9, 14, '2-22', '2022-02-22 11:37:11', '2022-02-22 11:37:11'),
(33, 9, 15, '新規事業アイデア3つ', '2022-02-22 11:37:11', '2022-02-22 11:37:11'),
(34, 9, 16, '全て完了', '2022-02-22 11:37:11', '2022-02-22 11:37:11'),
(35, 9, 17, 'なし', '2022-02-22 11:37:11', '2022-02-22 11:37:11'),
(36, 10, 18, '2/22', '2022-02-22 18:24:25', '2022-02-22 18:24:25'),
(37, 10, 19, '日報', '2022-02-22 18:24:25', '2022-02-22 18:24:25'),
(38, 10, 20, '作業完了', '2022-02-22 18:24:25', '2022-02-22 18:24:25'),
(39, 10, 21, 'エリック', '2022-02-22 18:24:25', '2022-02-22 18:24:25'),
(40, 11, 18, '2/21', '2022-02-22 18:24:49', '2022-02-22 18:24:49'),
(41, 11, 19, '日報', '2022-02-22 18:24:49', '2022-02-22 18:24:49'),
(42, 11, 20, '完了', '2022-02-22 18:24:49', '2022-02-22 18:24:49'),
(43, 11, 21, 'ラリー', '2022-02-22 18:24:49', '2022-02-22 18:24:49'),
(44, 12, 22, '2/17', '2022-02-28 14:56:18', '2022-02-28 14:56:18'),
(45, 12, 23, 'testuser', '2022-02-28 14:56:18', '2022-02-28 14:56:18'),
(46, 12, 24, '修理', '2022-02-28 14:56:18', '2022-02-28 14:56:18'),
(47, 12, 25, '観察', '2022-02-28 14:56:18', '2022-02-28 14:56:18'),
(48, 13, 1, '日報', '2022-03-12 15:37:20', '2022-03-12 15:37:20'),
(49, 13, 2, '2022-03-12', '2022-03-12 15:37:20', '2022-03-12 15:37:20'),
(50, 13, 3, 'good', '2022-03-12 15:37:20', '2022-03-12 15:37:20'),
(51, 13, 4, 'format create', '2022-03-12 15:37:20', '2022-03-12 15:37:20'),
(52, 14, 22, '2022-03-12T18:12', '2022-03-12 16:10:51', '2022-03-12 16:10:51'),
(53, 14, 23, 'testuser', '2022-03-12 16:10:51', '2022-03-12 16:10:51'),
(54, 14, 24, 'test', '2022-03-12 16:10:51', '2022-03-12 16:10:51'),
(55, 14, 25, 'hogehoge', '2022-03-12 16:10:51', '2022-03-12 16:10:51'),
(56, 14, 26, '進行中', '2022-03-12 16:10:51', '2022-03-12 16:10:51'),
(57, 15, 22, '2022-03-12T17:47', '2022-03-12 17:47:45', '2022-03-12 17:47:45'),
(58, 15, 23, 'testuser01', '2022-03-12 17:47:45', '2022-03-12 17:47:45'),
(59, 15, 24, 'progress', '2022-03-12 17:47:45', '2022-03-12 17:47:45'),
(60, 15, 25, 'none', '2022-03-12 17:47:45', '2022-03-12 17:47:45'),
(61, 15, 26, '進行中', '2022-03-12 17:47:45', '2022-03-12 17:47:45'),
(62, 15, 27, 'user02', '2022-03-12 17:47:45', '2022-03-12 17:47:45'),
(63, 16, 22, '2022-03-14T15:14', '2022-03-14 15:15:10', '2022-03-14 15:15:10'),
(64, 16, 23, 'testuser01', '2022-03-14 15:15:10', '2022-03-14 15:15:10'),
(65, 16, 24, 'done', '2022-03-14 15:15:10', '2022-03-14 15:15:10'),
(66, 16, 25, 'none', '2022-03-14 15:15:10', '2022-03-14 15:15:10'),
(67, 16, 26, '完了済', '2022-03-14 15:15:10', '2022-03-14 15:15:10'),
(68, 16, 27, 'user01', '2022-03-14 15:15:10', '2022-03-14 15:15:10'),
(69, 17, 38, '試験報告', '2022-03-14 19:24:30', '2022-03-14 19:24:30'),
(70, 17, 39, '2022-03-14', '2022-03-14 19:24:30', '2022-03-14 19:24:30'),
(71, 17, 40, 'user2', '2022-03-14 19:24:30', '2022-03-14 19:24:30'),
(72, 17, 41, '進行中', '2022-03-14 19:24:30', '2022-03-14 19:24:30'),
(73, 17, 42, '修繕', '2022-03-14 19:24:30', '2022-03-14 19:24:30'),
(74, 17, 43, 'none', '2022-03-14 19:24:30', '2022-03-14 19:24:30'),
(75, 18, 44, 'hogehoge', '2022-03-14 21:44:08', '2022-03-14 21:44:08'),
(76, 18, 45, '2022-03-14', '2022-03-14 21:44:08', '2022-03-14 21:44:08'),
(77, 18, 46, 'user2', '2022-03-14 21:44:08', '2022-03-14 21:44:08'),
(78, 18, 47, '進行中', '2022-03-14 21:44:08', '2022-03-14 21:44:08'),
(94, 22, 53, '3', '2022-03-14 23:12:18', '2022-03-14 23:12:18'),
(95, 22, 54, 'option12', '2022-03-14 23:12:18', '2022-03-14 23:12:18'),
(96, 22, 55, 'radio12', '2022-03-14 23:12:18', '2022-03-14 23:12:18'),
(97, 22, 56, '[\"checkbox12\",\"checkbox14\"]', '2022-03-14 23:12:18', '2022-03-14 23:12:18'),
(98, 22, 57, '[\"checkbox21\",\"checkbox23\"]', '2022-03-14 23:12:18', '2022-03-14 23:12:18'),
(99, 23, 53, '3', '2022-03-14 23:12:50', '2022-03-14 23:12:50'),
(100, 23, 54, 'option12', '2022-03-14 23:12:50', '2022-03-14 23:12:50'),
(101, 23, 55, 'radio13', '2022-03-14 23:12:50', '2022-03-14 23:12:50'),
(102, 23, 56, '[\"checkbox11\",\"checkbox12\"]', '2022-03-14 23:12:50', '2022-03-14 23:12:50'),
(103, 23, 57, '[\"checkbox22\",\"checkbox23\"]', '2022-03-14 23:12:50', '2022-03-14 23:12:50'),
(104, 24, 58, '修繕記録', '2022-03-14 23:25:23', '2022-03-14 23:25:23'),
(105, 24, 59, '3', '2022-03-14 23:25:23', '2022-03-14 23:25:23'),
(106, 24, 60, '2022-03-14', '2022-03-14 23:25:23', '2022-03-14 23:25:23'),
(107, 24, 61, 'user2', '2022-03-14 23:25:23', '2022-03-14 23:25:23'),
(108, 24, 62, '進行中', '2022-03-14 23:25:23', '2022-03-14 23:25:23'),
(109, 24, 63, '[\"水道\",\"電気\"]', '2022-03-14 23:25:23', '2022-03-14 23:25:23'),
(110, 24, 64, '特記事項なし', '2022-03-14 23:25:23', '2022-03-14 23:25:23'),
(111, 24, 65, '[\"電気配線\"]', '2022-03-14 23:25:23', '2022-03-14 23:25:23'),
(112, 25, 58, '修繕記録', '2022-03-14 23:30:06', '2022-03-14 23:30:06'),
(113, 25, 59, '4', '2022-03-14 23:30:06', '2022-03-14 23:30:06'),
(114, 25, 60, '2022-03-15', '2022-03-14 23:30:06', '2022-03-14 23:30:06'),
(115, 25, 61, 'user1', '2022-03-14 23:30:06', '2022-03-14 23:30:06'),
(116, 25, 62, '完了済み', '2022-03-14 23:30:06', '2022-03-14 23:30:06'),
(117, 25, 63, '[\"水道\",\"配管\"]', '2022-03-14 23:30:06', '2022-03-14 23:30:06'),
(118, 25, 64, 'なし', '2022-03-14 23:30:06', '2022-03-14 23:30:06'),
(119, 25, 65, '[\"床破損箇所\"]', '2022-03-14 23:30:06', '2022-03-14 23:30:06');

-- --------------------------------------------------------

--
-- テーブルの構造 `documents`
--

CREATE TABLE `documents` (
  `id` int(11) NOT NULL,
  `format_id` varchar(128) COLLATE utf8mb4_bin NOT NULL,
  `date` date NOT NULL,
  `created_at` datetime NOT NULL,
  `updated_at` datetime NOT NULL
) ENGINE=InnoDB DEFAULT CHARSET=utf8mb4 COLLATE=utf8mb4_bin;

--
-- テーブルのデータのダンプ `documents`
--

INSERT INTO `documents` (`id`, `format_id`, `date`, `created_at`, `updated_at`) VALUES
(2, '10', '2022-02-20', '2022-02-20 16:34:36', '2022-02-20 16:34:36'),
(5, '10', '2022-02-21', '2022-02-20 16:40:28', '2022-02-20 16:40:28'),
(6, '10', '2022-02-25', '2022-02-20 16:44:41', '2022-02-20 16:44:41'),
(7, '11', '2022-02-20', '2022-02-20 16:48:21', '2022-02-20 16:48:21'),
(8, '12', '2022-02-20', '2022-02-20 17:47:49', '2022-02-20 17:47:49'),
(9, '13', '2022-02-22', '2022-02-22 11:37:11', '2022-02-22 11:37:11'),
(10, '14', '2022-02-22', '2022-02-22 18:24:25', '2022-02-22 18:24:25'),
(11, '14', '2022-02-21', '2022-02-22 18:24:49', '2022-02-22 18:24:49'),
(12, '15', '2022-02-28', '2022-02-28 14:56:18', '2022-02-28 14:56:18'),
(13, '10', '2022-03-12', '2022-03-12 15:37:20', '2022-03-12 15:37:20'),
(14, '15', '2022-03-12', '2022-03-12 16:10:51', '2022-03-12 16:10:51'),
(15, '15', '2022-03-12', '2022-03-12 17:47:45', '2022-03-12 17:47:45'),
(16, '15', '2022-03-14', '2022-03-14 15:15:10', '2022-03-14 15:15:10'),
(17, '25', '2022-03-14', '2022-03-14 19:24:30', '2022-03-14 19:24:30'),
(18, '26', '2022-03-14', '2022-03-14 21:44:08', '2022-03-14 21:44:08'),
(22, '29', '2022-03-14', '2022-03-14 23:12:18', '2022-03-14 23:12:18'),
(23, '29', '2022-03-15', '2022-03-14 23:12:50', '2022-03-14 23:12:50'),
(24, '30', '2022-03-14', '2022-03-14 23:25:23', '2022-03-14 23:25:23'),
(25, '30', '2022-03-15', '2022-03-14 23:30:06', '2022-03-14 23:30:06');

-- --------------------------------------------------------

--
-- テーブルの構造 `formats`
--

CREATE TABLE `formats` (
  `id` int(11) NOT NULL,
  `format_name` varchar(128) COLLATE utf8mb4_bin NOT NULL,
  `team_id` int(11) NOT NULL,
  `created_at` datetime NOT NULL,
  `updated_at` datetime NOT NULL
) ENGINE=InnoDB DEFAULT CHARSET=utf8mb4 COLLATE=utf8mb4_bin;

--
-- テーブルのデータのダンプ `formats`
--

INSERT INTO `formats` (`id`, `format_name`, `team_id`, `created_at`, `updated_at`) VALUES
(10, '報告書', 1, '2022-02-20 15:25:51', '2022-02-20 15:25:51'),
(11, '履歴書', 1, '2022-02-20 15:28:36', '2022-02-20 15:28:36'),
(12, '契約書', 2, '2022-02-20 17:47:25', '2022-02-20 17:47:25'),
(13, '日報', 2, '2022-02-22 11:36:12', '2022-02-22 11:36:12'),
(14, '報告書', 2, '2022-02-22 18:23:58', '2022-02-22 18:23:58'),
(15, '点検報告書', 1, '2022-02-28 14:55:31', '2022-02-28 14:55:31'),
(24, 'テスト報告書', 1, '2022-03-14 19:14:29', '2022-03-14 19:14:29'),
(25, '試験報告書', 1, '2022-03-14 19:23:49', '2022-03-14 19:23:49'),
(26, 'test2', 1, '2022-03-14 21:43:32', '2022-03-14 21:43:32'),
(29, '試験', 1, '2022-03-14 22:57:16', '2022-03-14 22:57:16'),
(30, '新フォーマット', 1, '2022-03-14 23:24:49', '2022-03-14 23:24:49');

-- --------------------------------------------------------

--
-- テーブルの構造 `items`
--

CREATE TABLE `items` (
  `id` int(11) NOT NULL,
  `item_name` varchar(128) COLLATE utf8mb4_bin NOT NULL,
  `format_id` int(11) NOT NULL,
  `type` varchar(128) COLLATE utf8mb4_bin NOT NULL,
  `created_at` datetime NOT NULL,
  `updated_at` datetime NOT NULL
) ENGINE=InnoDB DEFAULT CHARSET=utf8mb4 COLLATE=utf8mb4_bin;

--
-- テーブルのデータのダンプ `items`
--

INSERT INTO `items` (`id`, `item_name`, `format_id`, `type`, `created_at`, `updated_at`) VALUES
(1, 'タイトル', 10, 'text', '2022-02-20 15:25:51', '2022-02-20 15:25:51'),
(2, '日付', 10, 'date', '2022-02-20 15:25:51', '2022-02-20 15:25:51'),
(3, '結論', 10, 'text', '2022-02-20 15:25:51', '2022-02-20 15:25:51'),
(4, '宿題', 10, 'textarea', '2022-02-20 15:25:51', '2022-02-20 15:25:51'),
(5, '日付', 11, 'date', '2022-02-20 15:28:36', '2022-02-20 15:28:36'),
(6, '氏名', 11, 'text', '2022-02-20 15:28:36', '2022-02-20 15:28:36'),
(7, '職歴', 11, 'textarea', '2022-02-20 15:28:36', '2022-02-20 15:28:36'),
(8, '学歴', 11, 'textarea', '2022-02-20 15:28:36', '2022-02-20 15:28:36'),
(9, '資格', 11, 'textarea', '2022-02-20 15:28:36', '2022-02-20 15:28:36'),
(10, '相手企業名', 12, 'text', '2022-02-20 17:47:25', '2022-02-20 17:47:25'),
(11, '担当者', 12, 'text', '2022-02-20 17:47:25', '2022-02-20 17:47:25'),
(12, '契約金額', 12, 'number', '2022-02-20 17:47:25', '2022-02-20 17:47:25'),
(13, '担当者', 13, 'text', '2022-02-22 11:36:12', '2022-02-22 11:36:12'),
(14, '日付', 13, 'date', '2022-02-22 11:36:12', '2022-02-22 11:36:12'),
(15, '当日目標', 13, 'textarea', '2022-02-22 11:36:12', '2022-02-22 11:36:12'),
(16, '完了項目', 13, 'textarea', '2022-02-22 11:36:12', '2022-02-22 11:36:12'),
(17, '未完了項目', 13, 'textarea', '2022-02-22 11:36:12', '2022-02-22 11:36:12'),
(18, '日時', 14, 'datetime-local', '2022-02-22 18:23:58', '2022-02-22 18:23:58'),
(19, 'タイトル', 14, 'text', '2022-02-22 18:23:58', '2022-02-22 18:23:58'),
(20, '内容', 14, 'textarea', '2022-02-22 18:23:58', '2022-02-22 18:23:58'),
(21, '担当者', 14, 'text', '2022-02-22 18:23:58', '2022-02-22 18:23:58'),
(22, '日時', 15, 'datetime-local', '2022-02-28 14:55:31', '2022-02-28 14:55:31'),
(23, '担当者', 15, 'text', '2022-02-28 14:55:31', '2022-02-28 14:55:31'),
(24, '報告内容', 15, 'textarea', '2022-02-28 14:55:31', '2022-02-28 14:55:31'),
(25, '引き継ぎ内容', 15, 'textarea', '2022-02-28 14:55:31', '2022-02-28 14:55:31'),
(26, 'ステータス', 15, 'radio', '2022-03-12 15:39:23', '2022-03-12 15:39:23'),
(27, '引き継ぎ者', 15, 'select', '2022-03-12 17:38:49', '2022-03-12 17:38:49'),
(29, 'テキスト', 24, 'text', '2022-03-14 19:14:29', '2022-03-14 19:14:29'),
(30, '数値', 24, 'number', '2022-03-14 19:14:29', '2022-03-14 19:14:29'),
(31, '日付', 24, 'date', '2022-03-14 19:14:29', '2022-03-14 19:14:29'),
(32, '日時', 24, 'datetime-local', '2022-03-14 19:14:29', '2022-03-14 19:14:29'),
(33, 'セレクト1', 24, 'select', '2022-03-14 19:14:29', '2022-03-14 19:14:29'),
(34, 'ラジオボタン1', 24, 'radio', '2022-03-14 19:14:29', '2022-03-14 19:14:29'),
(35, 'セレクト2', 24, 'select', '2022-03-14 19:14:29', '2022-03-14 19:14:29'),
(36, 'ラジオボタン2', 24, 'radio', '2022-03-14 19:14:29', '2022-03-14 19:14:29'),
(37, 'テキストエリア', 24, 'textarea', '2022-03-14 19:14:29', '2022-03-14 19:14:29'),
(38, 'タイトル', 25, 'text', '2022-03-14 19:23:49', '2022-03-14 19:23:49'),
(39, '作業日時', 25, 'date', '2022-03-14 19:23:49', '2022-03-14 19:23:49'),
(40, '担当者', 25, 'select', '2022-03-14 19:23:49', '2022-03-14 19:23:49'),
(41, '作業ステータス', 25, 'radio', '2022-03-14 19:23:49', '2022-03-14 19:23:49'),
(42, '作業種別', 25, 'select', '2022-03-14 19:23:49', '2022-03-14 19:23:49'),
(43, '引き継ぎ事項', 25, 'textarea', '2022-03-14 19:23:49', '2022-03-14 19:23:49'),
(44, 'タイトル', 26, 'text', '2022-03-14 21:43:32', '2022-03-14 21:43:32'),
(45, '日付', 26, 'date', '2022-03-14 21:43:32', '2022-03-14 21:43:32'),
(46, '担当者', 26, 'select', '2022-03-14 21:43:32', '2022-03-14 21:43:32'),
(47, 'ステータス', 26, 'select', '2022-03-14 21:43:32', '2022-03-14 21:43:32'),
(48, 'radio', 27, 'radio', '2022-03-14 22:44:01', '2022-03-14 22:44:01'),
(49, 'checkbox1', 27, 'checkbox', '2022-03-14 22:44:01', '2022-03-14 22:44:01'),
(50, 'checkbox2', 27, 'checkbox', '2022-03-14 22:44:01', '2022-03-14 22:44:01'),
(53, '数量', 29, 'number', '2022-03-14 22:57:16', '2022-03-14 22:57:16'),
(54, 'セレクト', 29, 'select', '2022-03-14 22:57:16', '2022-03-14 22:57:16'),
(55, 'ラジオボタン', 29, 'radio', '2022-03-14 22:57:16', '2022-03-14 22:57:16'),
(56, 'チェック1', 29, 'checkbox', '2022-03-14 22:57:16', '2022-03-14 22:57:16'),
(57, 'チェック2', 29, 'checkbox', '2022-03-14 22:57:16', '2022-03-14 22:57:16'),
(58, 'タイトル', 30, 'text', '2022-03-14 23:24:49', '2022-03-14 23:24:49'),
(59, '数量', 30, 'number', '2022-03-14 23:24:49', '2022-03-14 23:24:49'),
(60, '日付', 30, 'date', '2022-03-14 23:24:49', '2022-03-14 23:24:49'),
(61, '担当者', 30, 'select', '2022-03-14 23:24:49', '2022-03-14 23:24:49'),
(62, 'ステータス', 30, 'radio', '2022-03-14 23:24:49', '2022-03-14 23:24:49'),
(63, '修繕箇所', 30, 'checkbox', '2022-03-14 23:24:49', '2022-03-14 23:24:49'),
(64, '引き継ぎ事項', 30, 'textarea', '2022-03-14 23:24:49', '2022-03-14 23:24:49'),
(65, '次回確認場所', 30, 'checkbox', '2022-03-14 23:24:49', '2022-03-14 23:24:49');

-- --------------------------------------------------------

--
-- テーブルの構造 `item_parts`
--

CREATE TABLE `item_parts` (
  `id` int(11) NOT NULL,
  `format_id` int(11) NOT NULL,
  `item_id` int(11) NOT NULL,
  `item_value` varchar(128) COLLATE utf8mb4_bin NOT NULL,
  `created_at` datetime NOT NULL,
  `updated_at` datetime NOT NULL
) ENGINE=InnoDB DEFAULT CHARSET=utf8mb4 COLLATE=utf8mb4_bin;

--
-- テーブルのデータのダンプ `item_parts`
--

INSERT INTO `item_parts` (`id`, `format_id`, `item_id`, `item_value`, `created_at`, `updated_at`) VALUES
(1, 15, 26, '未着手', '2022-03-12 16:48:35', '2022-03-12 16:48:35'),
(2, 15, 26, '進行中', '2022-03-12 16:48:35', '2022-03-12 16:48:35'),
(3, 15, 26, '完了済', '2022-03-12 16:48:35', '2022-03-12 16:48:35'),
(4, 15, 27, 'user01', '2022-03-12 17:39:55', '2022-03-12 17:39:55'),
(5, 15, 27, 'user02', '2022-03-12 17:39:55', '2022-03-12 17:39:55'),
(6, 15, 27, 'user03', '2022-03-12 17:39:55', '2022-03-12 17:39:55'),
(7, 15, 27, 'user04', '2022-03-12 17:39:55', '2022-03-12 17:39:55'),
(8, 24, 33, 'option11', '2022-03-14 19:14:29', '2022-03-14 19:14:29'),
(9, 24, 33, 'option12', '2022-03-14 19:14:29', '2022-03-14 19:14:29'),
(10, 24, 33, 'select13', '2022-03-14 19:14:29', '2022-03-14 19:14:29'),
(11, 24, 33, 'sekect14', '2022-03-14 19:14:29', '2022-03-14 19:14:29'),
(12, 24, 34, 'radio11', '2022-03-14 19:14:29', '2022-03-14 19:14:29'),
(13, 24, 34, 'radio12', '2022-03-14 19:14:29', '2022-03-14 19:14:29'),
(14, 24, 35, 'option21', '2022-03-14 19:14:29', '2022-03-14 19:14:29'),
(15, 24, 35, 'option22', '2022-03-14 19:14:29', '2022-03-14 19:14:29'),
(16, 24, 36, 'radio21', '2022-03-14 19:14:29', '2022-03-14 19:14:29'),
(17, 24, 36, 'radio22', '2022-03-14 19:14:29', '2022-03-14 19:14:29'),
(18, 24, 36, 'radio23', '2022-03-14 19:14:29', '2022-03-14 19:14:29'),
(19, 25, 40, 'user1', '2022-03-14 19:23:49', '2022-03-14 19:23:49'),
(20, 25, 40, 'user2', '2022-03-14 19:23:49', '2022-03-14 19:23:49'),
(21, 25, 41, '完了済', '2022-03-14 19:23:49', '2022-03-14 19:23:49'),
(22, 25, 41, '進行中', '2022-03-14 19:23:49', '2022-03-14 19:23:49'),
(23, 25, 41, '未完了', '2022-03-14 19:23:49', '2022-03-14 19:23:49'),
(24, 25, 42, '点検', '2022-03-14 19:23:49', '2022-03-14 19:23:49'),
(25, 25, 42, '修繕', '2022-03-14 19:23:49', '2022-03-14 19:23:49'),
(26, 26, 46, 'user1', '2022-03-14 21:43:32', '2022-03-14 21:43:32'),
(27, 26, 46, 'user2', '2022-03-14 21:43:32', '2022-03-14 21:43:32'),
(28, 26, 47, '未着手', '2022-03-14 21:43:32', '2022-03-14 21:43:32'),
(29, 26, 47, '進行中', '2022-03-14 21:43:32', '2022-03-14 21:43:32'),
(30, 26, 47, '完了済', '2022-03-14 21:43:32', '2022-03-14 21:43:32'),
(33, 29, 54, 'option11', '2022-03-14 22:57:16', '2022-03-14 22:57:16'),
(34, 29, 54, 'option12', '2022-03-14 22:57:16', '2022-03-14 22:57:16'),
(35, 29, 55, 'radio11', '2022-03-14 22:57:16', '2022-03-14 22:57:16'),
(36, 29, 55, 'radio12', '2022-03-14 22:57:16', '2022-03-14 22:57:16'),
(37, 29, 55, 'radio13', '2022-03-14 22:57:16', '2022-03-14 22:57:16'),
(38, 29, 56, 'checkbox11', '2022-03-14 22:57:16', '2022-03-14 22:57:16'),
(39, 29, 56, 'checkbox12', '2022-03-14 22:57:16', '2022-03-14 22:57:16'),
(40, 29, 56, 'checkbox13', '2022-03-14 22:57:16', '2022-03-14 22:57:16'),
(41, 29, 56, 'checkbox14', '2022-03-14 22:57:16', '2022-03-14 22:57:16'),
(42, 29, 57, 'checkbox21', '2022-03-14 22:57:16', '2022-03-14 22:57:16'),
(43, 29, 57, 'checkbox22', '2022-03-14 22:57:16', '2022-03-14 22:57:16'),
(44, 29, 57, 'checkbox23', '2022-03-14 22:57:16', '2022-03-14 22:57:16'),
(45, 30, 61, 'user1', '2022-03-14 23:24:49', '2022-03-14 23:24:49'),
(46, 30, 61, 'user2', '2022-03-14 23:24:49', '2022-03-14 23:24:49'),
(47, 30, 61, 'user3', '2022-03-14 23:24:49', '2022-03-14 23:24:49'),
(48, 30, 62, '未着手', '2022-03-14 23:24:49', '2022-03-14 23:24:49'),
(49, 30, 62, '進行中', '2022-03-14 23:24:49', '2022-03-14 23:24:49'),
(50, 30, 62, '完了済み', '2022-03-14 23:24:49', '2022-03-14 23:24:49'),
(51, 30, 62, '報告済み', '2022-03-14 23:24:49', '2022-03-14 23:24:49'),
(52, 30, 63, '水道', '2022-03-14 23:24:49', '2022-03-14 23:24:49'),
(53, 30, 63, '電気', '2022-03-14 23:24:49', '2022-03-14 23:24:49'),
(54, 30, 63, '配管', '2022-03-14 23:24:49', '2022-03-14 23:24:49'),
(55, 30, 63, '床', '2022-03-14 23:24:49', '2022-03-14 23:24:49'),
(56, 30, 65, '電気配線', '2022-03-14 23:24:49', '2022-03-14 23:24:49'),
(57, 30, 65, '床破損箇所', '2022-03-14 23:24:49', '2022-03-14 23:24:49');

-- --------------------------------------------------------

--
-- テーブルの構造 `item_type`
--

CREATE TABLE `item_type` (
  `id` int(11) NOT NULL,
  `item_id` int(11) NOT NULL,
  `type` varchar(128) COLLATE utf8mb4_bin NOT NULL,
  `created_at` datetime NOT NULL,
  `updated_at` datetime NOT NULL
) ENGINE=InnoDB DEFAULT CHARSET=utf8mb4 COLLATE=utf8mb4_bin;

--
-- テーブルのデータのダンプ `item_type`
--

INSERT INTO `item_type` (`id`, `item_id`, `type`, `created_at`, `updated_at`) VALUES
(1, 1, 'text', '2022-03-12 15:13:42', '2022-03-12 15:13:42'),
(2, 2, 'date', '2022-03-12 15:13:42', '2022-03-12 15:13:42'),
(3, 3, 'text', '2022-03-12 15:13:42', '2022-03-12 15:13:42'),
(4, 4, 'textarea', '2022-03-12 15:13:42', '2022-03-12 15:13:42'),
(5, 5, 'date', '2022-03-12 15:13:42', '2022-03-12 15:13:42'),
(6, 6, 'text', '2022-03-12 15:13:42', '2022-03-12 15:13:42'),
(7, 7, 'textarea', '2022-03-12 15:13:42', '2022-03-12 15:13:42'),
(8, 8, 'textarea', '2022-03-12 15:13:42', '2022-03-12 15:13:42'),
(9, 9, 'textarea', '2022-03-12 15:13:42', '2022-03-12 15:13:42'),
(10, 10, 'text', '2022-03-12 15:13:42', '2022-03-12 15:13:42'),
(11, 11, 'text', '2022-03-12 15:13:42', '2022-03-12 15:13:42'),
(12, 12, 'number', '2022-03-12 15:13:42', '2022-03-12 15:13:42'),
(13, 13, 'text', '2022-03-12 15:13:42', '2022-03-12 15:13:42'),
(14, 14, 'date', '2022-03-12 15:13:42', '2022-03-12 15:13:42'),
(15, 15, 'text', '2022-03-12 15:13:42', '2022-03-12 15:13:42'),
(16, 16, 'textarea', '2022-03-12 15:13:42', '2022-03-12 15:13:42'),
(17, 17, 'textarea', '2022-03-12 15:13:42', '2022-03-12 15:13:42'),
(18, 18, 'datetime-local', '2022-03-12 15:13:42', '2022-03-12 15:13:42'),
(19, 19, 'text', '2022-03-12 15:13:42', '2022-03-12 15:13:42'),
(20, 20, 'textarea', '2022-03-12 15:13:42', '2022-03-12 15:13:42'),
(21, 21, 'text', '2022-03-12 15:13:42', '2022-03-12 15:13:42'),
(22, 22, 'datetime-local', '2022-03-12 15:13:42', '2022-03-12 15:13:42'),
(23, 23, 'text', '2022-03-12 15:13:42', '2022-03-12 15:13:42'),
(24, 24, 'textarea', '2022-03-12 15:13:42', '2022-03-12 15:13:42'),
(25, 25, 'textarea', '2022-03-12 15:13:42', '2022-03-12 15:13:42'),
(26, 26, 'radio', '2022-03-12 15:43:44', '2022-03-12 15:43:44');

-- --------------------------------------------------------

--
-- テーブルの構造 `teams`
--

CREATE TABLE `teams` (
  `id` int(11) NOT NULL,
  `name` varchar(128) COLLATE utf8mb4_bin NOT NULL,
  `created_at` datetime NOT NULL,
  `updated_at` datetime NOT NULL
) ENGINE=InnoDB DEFAULT CHARSET=utf8mb4 COLLATE=utf8mb4_bin;

--
-- テーブルのデータのダンプ `teams`
--

INSERT INTO `teams` (`id`, `name`, `created_at`, `updated_at`) VALUES
(1, 'Google', '2022-02-20 13:50:42', '2022-02-20 13:50:42'),
(2, 'Amazon', '2022-02-20 13:50:42', '2022-02-20 13:50:42'),
(3, 'Meta', '2022-02-20 13:50:42', '2022-02-20 13:50:42'),
(4, 'Apple', '2022-02-20 13:50:42', '2022-02-20 13:50:42'),
(5, 'Microsoft', '2022-02-20 13:50:42', '2022-02-20 13:50:42');

--
-- ダンプしたテーブルのインデックス
--

--
-- テーブルのインデックス `data`
--
ALTER TABLE `data`
  ADD PRIMARY KEY (`id`);

--
-- テーブルのインデックス `documents`
--
ALTER TABLE `documents`
  ADD PRIMARY KEY (`id`);

--
-- テーブルのインデックス `formats`
--
ALTER TABLE `formats`
  ADD PRIMARY KEY (`id`);

--
-- テーブルのインデックス `items`
--
ALTER TABLE `items`
  ADD PRIMARY KEY (`id`);

--
-- テーブルのインデックス `item_parts`
--
ALTER TABLE `item_parts`
  ADD PRIMARY KEY (`id`) USING BTREE;

--
-- テーブルのインデックス `item_type`
--
ALTER TABLE `item_type`
  ADD PRIMARY KEY (`id`);

--
-- テーブルのインデックス `teams`
--
ALTER TABLE `teams`
  ADD PRIMARY KEY (`id`);

--
-- ダンプしたテーブルの AUTO_INCREMENT
--

--
-- テーブルの AUTO_INCREMENT `data`
--
ALTER TABLE `data`
  MODIFY `id` int(11) NOT NULL AUTO_INCREMENT, AUTO_INCREMENT=120;

--
-- テーブルの AUTO_INCREMENT `documents`
--
ALTER TABLE `documents`
  MODIFY `id` int(11) NOT NULL AUTO_INCREMENT, AUTO_INCREMENT=26;

--
-- テーブルの AUTO_INCREMENT `formats`
--
ALTER TABLE `formats`
  MODIFY `id` int(11) NOT NULL AUTO_INCREMENT, AUTO_INCREMENT=31;

--
-- テーブルの AUTO_INCREMENT `items`
--
ALTER TABLE `items`
  MODIFY `id` int(11) NOT NULL AUTO_INCREMENT, AUTO_INCREMENT=66;

--
-- テーブルの AUTO_INCREMENT `item_parts`
--
ALTER TABLE `item_parts`
  MODIFY `id` int(11) NOT NULL AUTO_INCREMENT, AUTO_INCREMENT=58;

--
-- テーブルの AUTO_INCREMENT `item_type`
--
ALTER TABLE `item_type`
  MODIFY `id` int(11) NOT NULL AUTO_INCREMENT, AUTO_INCREMENT=29;

--
-- テーブルの AUTO_INCREMENT `teams`
--
ALTER TABLE `teams`
  MODIFY `id` int(11) NOT NULL AUTO_INCREMENT, AUTO_INCREMENT=6;
COMMIT;

/*!40101 SET CHARACTER_SET_CLIENT=@OLD_CHARACTER_SET_CLIENT */;
/*!40101 SET CHARACTER_SET_RESULTS=@OLD_CHARACTER_SET_RESULTS */;
/*!40101 SET COLLATION_CONNECTION=@OLD_COLLATION_CONNECTION */;
